foodmenuname,foodcategoryId,foodingredientId,salesprice,vatId,description,vegitem,beverage,bar,photo
KARAK TEA,659e6c84134e9ed6aa47434c,"[""[\""655ef6721532830df6b987bb\""]""]",1,659e7589f3b946ba14b1f225,Fa,yes,yes,yes,imgae-1702717596398. 1.jpg
BLACK TEA,659e6c84134e9ed6aa47434c,"[""[\""655ef6721532830df6b987bb\""]""]",1,659e7589f3b946ba14b1f225,ggg,yes,yes,yes,imgae-1702717667601. login.png
GREEN TEA,659e6c84134e9ed6aa47434c,"[""[\""655ef6721532830df6b987bb\""]""]",1,655ef1b7b3999d1add24f83e,ggg,no,no,no,imgae-1702717698416. print.png
FRESH MILK TEA,659e6c84134e9ed6aa47434c,"[""[\""655ef5c61532830df6b987ae\""]""]",2,659e7589f3b946ba14b1f225,undefined,no,no,no,imgae-1704185465013. Rectangle 35.png
LEMON TEA,659e6c84134e9ed6aa47434c,"[""[\""655ef6721532830df6b987bb\""]""]",2,655ef1b7b3999d1add24f83e,ggg,no,no,no,imgae-1704185580956. 2.jpg
GINGER TEA,659e6c84134e9ed6aa47434c,"[""[\""655ef6721532830df6b987bb\""]""]",2,655ef1b7b3999d1add24f83e,ggg,no,no,no,imgae-1704185630795. 806701b3-67a1-4f07-ad90-848612a9624f.jpg
FRESH MILK,659e6c84134e9ed6aa47434c,"[""[\""655ef6721532830df6b987bb\""]""]",2,659e7589f3b946ba14b1f225,ggg,no,no,no,imgae-1704185675042. 89263826-c061-4bbe-9c6c-8e8c5273fcb8.jpg
KARAK ZAFRAN,659e6c84134e9ed6aa47434c,"[""[\""655ef6041532830df6b987b6\""]""]",2,659e7589f3b946ba14b1f225,vbb,no,no,no,imgae-1704185719234. Home page banner 1 (1).png
BLACK COFFEE,659e6c84134e9ed6aa47434c,"[""[\""655ef6721532830df6b987bb\""]""]",2,659e7589f3b946ba14b1f225,vvv,no,no,no,imgae-1704185771354. Rectangle 38.png
CHUCK COFFEE,659e6c84134e9ed6aa47434c,"[""[\""655ef6721532830df6b987bb\""]""]",2,659e7589f3b946ba14b1f225,CHICKEN PEPPER MASALA,no,no,no,imgae-1704185830329. Rectangle 48.png
MILK COFFEE,659e6c84134e9ed6aa47434c,"[""[\""655ef6721532830df6b987bb\""]""]",3,659e7589f3b946ba14b1f225,DAL PALAK,yes,no,no,imgae-1704185875694. Home page banner 1 (1).png
BOOST,659e6c84134e9ed6aa47434c,"[""[\""655ef6721532830df6b987bb\""]""]",3,659e7589f3b946ba14b1f225,EGG ROAST (2 EGG),yes,no,no,imgae-1704185949131. 1addebb3-4d05-476c-a15b-463ce4c72ba0.png
HORLICKS,659e6c84134e9ed6aa47434c,"[""[\""655ef6721532830df6b987bb\""]""]",3,659e7589f3b946ba14b1f225,WEAT POROTA,yes,no,no,imgae-1704186001836. banner.jpg
BADAM MILK,659e6c84134e9ed6aa47434c,"[""[\""655ef6721532830df6b987bb\""]""]",4,659e7589f3b946ba14b1f225,CHEESE HONEY POROTTA SANDWICH,no,no,no,imgae-1704186052109. 1addebb3-4d05-476c-a15b-463ce4c72ba0.png
HOT CHOCOLATE,659e6c84134e9ed6aa47434c,"[""[\""655ef6721532830df6b987bb\""]""]",4,659e7589f3b946ba14b1f225,PINEAPPLE,no,no,no,imgae-1704186121549. 1addebb3-4d05-476c-a15b-463ce4c72ba0.png
SNACK1,659e6c84134e9ed6aa47434c,"[""[\""655ef6721532830df6b987bb\""]""]",1,659e7589f3b946ba14b1f225,VADASET,no,no,no,imgae-1704186164587. Rectangle 48.png
SNACK2,659e6c84134e9ed6aa47434c,"[""[\""655ef6041532830df6b987b6\""]""]",1.5,659e7589f3b946ba14b1f225,Black tea,no,no,no,imgae-1704202379947. black_friday_banner_02.jpg
SNACK3,659e6c84134e9ed6aa47434c,"[""[\""655ef6721532830df6b987bb\""]""]",2,659e7589f3b946ba14b1f225,CHINEESE COMBO,no,no,no,imgae-1704261675496. black_friday_banner_02.jpg
SNACK4,659e6c84134e9ed6aa47434c,"[""[\""655ef6721532830df6b987bb\""]""]",2.5,659e7589f3b946ba14b1f225,CHINEESE COMBO,no,no,no,imgae-1704261675496. black_friday_banner_02.jpg
SNACK5,659e6c84134e9ed6aa47434c,"[""[\""655ef6721532830df6b987bb\""]""]",3,659e7589f3b946ba14b1f225,CHINEESE COMBO,no,no,no,imgae-1704261675496. black_friday_banner_02.jpg
SNACK6,659e6c84134e9ed6aa47434c,"[""[\""655ef6721532830df6b987bb\""]""]",4,659e7589f3b946ba14b1f225,CHINEESE COMBO,no,no,no,imgae-1704261675496. black_friday_banner_02.jpg
SNACK7,659e6c84134e9ed6aa47434c,"[""[\""655ef6721532830df6b987bb\""]""]",5,659e7589f3b946ba14b1f225,CHINEESE COMBO,no,no,no,imgae-1704261675496. black_friday_banner_02.jpg
PAZHAM PORI BEEF,659e6c84134e9ed6aa47434c,"[""[\""655ef6721532830df6b987bb\""]""]",12,659e7589f3b946ba14b1f225,CHINEESE COMBO,no,no,no,imgae-1704261675496. black_friday_banner_02.jpg
VADASET,659e6c85134e9ed6aa474352,"[""[\""655ef6721532830df6b987bb\""]""]",3,659e7589f3b946ba14b1f225,CHINEESE COMBO,no,no,no,imgae-1704261675496. black_friday_banner_02.jpg
UPMA SET,659e6c85134e9ed6aa474352,"[""[\""655ef6721532830df6b987bb\""]""]",5,659e7589f3b946ba14b1f225,CHINEESE COMBO,no,no,no,imgae-1704261675496. black_friday_banner_02.jpg
IDLY SET,659e6c85134e9ed6aa474352,"[""[\""655ef6721532830df6b987bb\""]""]",6,659e7589f3b946ba14b1f225,CHINEESE COMBO,no,no,no,imgae-1704261675496. black_friday_banner_02.jpg
IDLY VADA SET,659e6c85134e9ed6aa474352,"[""[\""655ef6721532830df6b987bb\""]""]",6,659e7589f3b946ba14b1f225,CHINEESE COMBO,no,no,no,imgae-1704261675496. black_friday_banner_02.jpg
IDIYAPPAM + VEG KURMA,659e6c85134e9ed6aa474352,"[""[\""655ef6721532830df6b987bb\""]""]",7,659e7589f3b946ba14b1f225,CHINEESE COMBO,no,no,no,imgae-1704261675496. black_friday_banner_02.jpg
PUTTU + KADALA CURRY,659e6c85134e9ed6aa474352,"[""[\""655ef6721532830df6b987bb\""]""]",7,659e7589f3b946ba14b1f225,CHINEESE COMBO,no,no,no,imgae-1704261675496. black_friday_banner_02.jpg
WHEAT PUTTU + KADALA CURRY,659e6c85134e9ed6aa474352,"[""[\""655ef6721532830df6b987bb\""]""]",7,659e7589f3b946ba14b1f225,CHINEESE COMBO,no,no,no,imgae-1704261675496. black_friday_banner_02.jpg
PURI + BHAJI,659e6c85134e9ed6aa474352,"[""[\""655ef6721532830df6b987bb\""]""]",7,659e7589f3b946ba14b1f225,CHINEESE COMBO,no,no,no,imgae-1704261675496. black_friday_banner_02.jpg
APPAM + EGG ROAST,659e6c85134e9ed6aa474352,"[""[\""655ef6721532830df6b987bb\""]""]",8,659e7589f3b946ba14b1f225,CHINEESE COMBO,no,no,no,imgae-1704261675496. black_friday_banner_02.jpg
PURI + EGG ROAST,659e6c85134e9ed6aa474352,"[""[\""655ef6721532830df6b987bb\""]""]",8,659e7589f3b946ba14b1f225,CHINEESE COMBO,no,no,no,imgae-1704261675496. black_friday_banner_02.jpg
PLAIN DOSA,659e6c85134e9ed6aa474352,"[""[\""655ef6721532830df6b987bb\""]""]",4,659e7589f3b946ba14b1f225,CHINEESE COMBO,no,no,no,imgae-1704261675496. black_friday_banner_02.jpg
SET DOSA,659e6c85134e9ed6aa474352,"[""[\""655ef6721532830df6b987bb\""]""]",5,659e7589f3b946ba14b1f225,CHINEESE COMBO,no,no,no,imgae-1704261675496. black_friday_banner_02.jpg
GHEE DOSA,659e6c85134e9ed6aa474352,"[""[\""655ef6721532830df6b987bb\""]""]",6,659e7589f3b946ba14b1f225,CHINEESE COMBO,no,no,no,imgae-1704261675496. black_friday_banner_02.jpg
ONION DOSA,659e6c85134e9ed6aa474352,"[""[\""655ef6721532830df6b987bb\""]""]",6,659e7589f3b946ba14b1f225,CHINEESE COMBO,no,no,no,imgae-1704261675496. black_friday_banner_02.jpg
RAVA DOSA,659e6c85134e9ed6aa474352,"[""[\""655ef6721532830df6b987bb\""]""]",6,659e7589f3b946ba14b1f225,CHINEESE COMBO,no,no,no,imgae-1704261675496. black_friday_banner_02.jpg
TOMATO DOSA,659e6c85134e9ed6aa474352,"[""[\""655ef6721532830df6b987bb\""]""]",6,659e7589f3b946ba14b1f225,CHINEESE COMBO,no,no,no,imgae-1704261675496. black_friday_banner_02.jpg
MASALA DOSA,659e6c85134e9ed6aa474352,"[""[\""655ef6721532830df6b987bb\""]""]",6,659e7589f3b946ba14b1f225,CHINEESE COMBO,no,no,no,imgae-1704261675496. black_friday_banner_02.jpg
BUTTER DOSA,659e6c85134e9ed6aa474352,"[""[\""655ef6721532830df6b987bb\""]""]",6,659e7589f3b946ba14b1f225,CHINEESE COMBO,no,no,no,imgae-1704261675496. black_friday_banner_02.jpg
RAVA ONION DOSA,659e6c85134e9ed6aa474352,"[""[\""655ef6721532830df6b987bb\""]""]",6,659e7589f3b946ba14b1f225,CHINEESE COMBO,no,no,no,imgae-1704261675496. black_friday_banner_02.jpg
EGG DOSA,659e6c85134e9ed6aa474352,"[""[\""655ef6721532830df6b987bb\""]""]",6,659e7589f3b946ba14b1f225,CHINEESE COMBO,no,no,no,imgae-1704261675496. black_friday_banner_02.jpg
BULLSEYE DOSA,659e6c85134e9ed6aa474352,"[""[\""655ef6721532830df6b987bb\""]""]",6,659e7589f3b946ba14b1f225,CHINEESE COMBO,no,no,no,imgae-1704261675496. black_friday_banner_02.jpg
UTHAPPAM SET,659e6c85134e9ed6aa474352,"[""[\""655ef6721532830df6b987bb\""]""]",6,659e7589f3b946ba14b1f225,CHINEESE COMBO,no,no,no,imgae-1704261675496. black_friday_banner_02.jpg
RAVA MASALA DOSA,659e6c85134e9ed6aa474352,"[""[\""655ef6721532830df6b987bb\""]""]",7,659e7589f3b946ba14b1f225,CHINEESE COMBO,no,no,no,imgae-1704261675496. black_friday_banner_02.jpg
GHEE MASALA DOSA,659e6c85134e9ed6aa474352,"[""[\""655ef6721532830df6b987bb\""]""]",7,659e7589f3b946ba14b1f225,CHINEESE COMBO,no,no,no,imgae-1704261675496. black_friday_banner_02.jpg
PANEER DOSA,659e6c85134e9ed6aa474352,"[""[\""655ef6721532830df6b987bb\""]""]",7,659e7589f3b946ba14b1f225,CHINEESE COMBO,no,no,no,imgae-1704261675496. black_friday_banner_02.jpg
CHEESE DOSA,659e6c85134e9ed6aa474352,"[""[\""655ef6721532830df6b987bb\""]""]",7,659e7589f3b946ba14b1f225,CHINEESE COMBO,no,no,no,imgae-1704261675496. black_friday_banner_02.jpg
BUTTER MASALA DOSA,659e6c85134e9ed6aa474352,"[""[\""655ef6721532830df6b987bb\""]""]",8,659e7589f3b946ba14b1f225,CHINEESE COMBO,no,no,no,imgae-1704261675496. black_friday_banner_02.jpg
DOUBLE EGG DOSA,659e6c85134e9ed6aa474352,"[""[\""655ef6721532830df6b987bb\""]""]",8,659e7589f3b946ba14b1f225,CHINEESE COMBO,no,no,no,imgae-1704261675496. black_friday_banner_02.jpg
DOUBLE CHEESE DOSA,659e6c85134e9ed6aa474352,"[""[\""655ef6721532830df6b987bb\""]""]",9,659e7589f3b946ba14b1f225,CHINEESE COMBO,no,no,no,imgae-1704261675496. black_friday_banner_02.jpg
MYSORE MASALA DOSA,659e6c85134e9ed6aa474352,"[""[\""655ef6721532830df6b987bb\""]""]",10,659e7589f3b946ba14b1f225,CHINEESE COMBO,no,no,no,imgae-1704261675496. black_friday_banner_02.jpg
LEMON MEDIUM,659e6c86134e9ed6aa474355,"[""[\""655ef6721532830df6b987bb\""]""]",6,659e7589f3b946ba14b1f225,CHINEESE COMBO,no,no,no,imgae-1704261675496. black_friday_banner_02.jpg
LEMON MINT MEDIUM,659e6c86134e9ed6aa474355,"[""[\""655ef6721532830df6b987bb\""]""]",7,659e7589f3b946ba14b1f225,CHINEESE COMBO,no,no,no,imgae-1704261675496. black_friday_banner_02.jpg
ORANGE MEDIUM,659e6c86134e9ed6aa474355,"[""[\""655ef6721532830df6b987bb\""]""]",8,659e7589f3b946ba14b1f225,CHINEESE COMBO,no,no,no,imgae-1704261675496. black_friday_banner_02.jpg
MANGOMEDIUM,659e6c86134e9ed6aa474355,"[""[\""655ef6721532830df6b987bb\""]""]",8,659e7589f3b946ba14b1f225,CHINEESE COMBO,no,no,no,imgae-1704261675496. black_friday_banner_02.jpg
PINEAPPLE MEDIUM,659e6c86134e9ed6aa474355,"[""[\""655ef6721532830df6b987bb\""]""]",8,659e7589f3b946ba14b1f225,CHINEESE COMBO,no,no,no,imgae-1704261675496. black_friday_banner_02.jpg
WATERMELON MEDIUM,659e6c86134e9ed6aa474355,"[""[\""655ef6721532830df6b987bb\""]""]",8,659e7589f3b946ba14b1f225,CHINEESE COMBO,no,no,no,imgae-1704261675496. black_friday_banner_02.jpg
CHICKOO MEDIUM,659e6c86134e9ed6aa474355,"[""[\""655ef6721532830df6b987bb\""]""]",10,659e7589f3b946ba14b1f225,CHINEESE COMBO,no,no,no,imgae-1704261675496. black_friday_banner_02.jpg
PAPAYA MEDIUM,659e6c86134e9ed6aa474355,"[""[\""655ef6721532830df6b987bb\""]""]",10,659e7589f3b946ba14b1f225,CHINEESE COMBO,no,no,no,imgae-1704261675496. black_friday_banner_02.jpg
GUAVA MEDIUM,659e6c86134e9ed6aa474355,"[""[\""655ef6721532830df6b987bb\""]""]",10,659e7589f3b946ba14b1f225,CHINEESE COMBO,no,no,no,imgae-1704261675496. black_friday_banner_02.jpg
GRAPE MEDIUM,659e6c86134e9ed6aa474355,"[""[\""655ef6721532830df6b987bb\""]""]",10,659e7589f3b946ba14b1f225,CHINEESE COMBO,no,no,no,imgae-1704261675496. black_friday_banner_02.jpg
AVOCADO MEDIUM,659e6c86134e9ed6aa474355,"[""[\""655ef6721532830df6b987bb\""]""]",10,659e7589f3b946ba14b1f225,CHINEESE COMBO,no,no,no,imgae-1704261675496. black_friday_banner_02.jpg
STRAWBERRY MEDIUM,659e6c86134e9ed6aa474355,"[""[\""655ef6721532830df6b987bb\""]""]",10,659e7589f3b946ba14b1f225,CHINEESE COMBO,no,no,no,imgae-1704261675496. black_friday_banner_02.jpg
LEMON LARGE,659e6c86134e9ed6aa474355,"[""[\""655ef6721532830df6b987bb\""]""]",8,659e7589f3b946ba14b1f225,CHINEESE COMBO,no,no,no,imgae-1704261675496. black_friday_banner_02.jpg
LEMON MINT LARGE,659e6c86134e9ed6aa474355,"[""[\""655ef6721532830df6b987bb\""]""]",9,659e7589f3b946ba14b1f225,CHINEESE COMBO,no,no,no,imgae-1704261675496. black_friday_banner_02.jpg
ORANGE LARGE,659e6c86134e9ed6aa474355,"[""[\""655ef6721532830df6b987bb\""]""]",10,659e7589f3b946ba14b1f225,CHINEESE COMBO,no,no,no,imgae-1704261675496. black_friday_banner_02.jpg
MANGO LARGE,659e6c86134e9ed6aa474355,"[""[\""655ef6721532830df6b987bb\""]""]",10,659e7589f3b946ba14b1f225,CHINEESE COMBO,no,no,no,imgae-1704261675496. black_friday_banner_02.jpg
PINEAPPLE LARGE,659e6c86134e9ed6aa474355,"[""[\""655ef6721532830df6b987bb\""]""]",10,659e7589f3b946ba14b1f225,CHINEESE COMBO,no,no,no,imgae-1704261675496. black_friday_banner_02.jpg
WATERMELON LARGE,659e6c86134e9ed6aa474355,"[""[\""655ef6721532830df6b987bb\""]""]",10,659e7589f3b946ba14b1f225,CHINEESE COMBO,no,no,no,imgae-1704261675496. black_friday_banner_02.jpg
CHICKOO LARGE,659e6c86134e9ed6aa474355,"[""[\""655ef6721532830df6b987bb\""]""]",12,659e7589f3b946ba14b1f225,CHINEESE COMBO,no,no,no,imgae-1704261675496. black_friday_banner_02.jpg
PAPAYA LARGE,659e6c86134e9ed6aa474355,"[""[\""655ef6721532830df6b987bb\""]""]",12,659e7589f3b946ba14b1f225,CHINEESE COMBO,no,no,no,imgae-1704261675496. black_friday_banner_02.jpg
GUAVA LARGE,659e6c86134e9ed6aa474355,"[""[\""655ef6721532830df6b987bb\""]""]",12,659e7589f3b946ba14b1f225,CHINEESE COMBO,no,no,no,imgae-1704261675496. black_friday_banner_02.jpg
GRAPE LARGE,659e6c86134e9ed6aa474355,"[""[\""655ef6721532830df6b987bb\""]""]",12,659e7589f3b946ba14b1f225,CHINEESE COMBO,no,no,no,imgae-1704261675496. black_friday_banner_02.jpg
AVOCADO LARGE,659e6c86134e9ed6aa474355,"[""[\""655ef6721532830df6b987bb\""]""]",12,659e7589f3b946ba14b1f225,CHINEESE COMBO,no,no,no,imgae-1704261675496. black_friday_banner_02.jpg
STRAWBERRY LARGE,659e6c86134e9ed6aa474355,"[""[\""655ef6721532830df6b987bb\""]""]",12,659e7589f3b946ba14b1f225,CHINEESE COMBO,no,no,no,imgae-1704261675496. black_friday_banner_02.jpg
STRAWBERRY SHAKE LARGE,659e6c86134e9ed6aa474355,"[""[\""655ef6721532830df6b987bb\""]""]",14,659e7589f3b946ba14b1f225,CHINEESE COMBO,no,no,no,imgae-1704261675496. black_friday_banner_02.jpg
CARAMEL LATTE LARGE,659e6c86134e9ed6aa474355,"[""[\""655ef6721532830df6b987bb\""]""]",14,659e7589f3b946ba14b1f225,CHINEESE COMBO,no,no,no,imgae-1704261675496. black_friday_banner_02.jpg
CHOCOLATE SHAKE LARGE,659e6c86134e9ed6aa474355,"[""[\""655ef6721532830df6b987bb\""]""]",15,659e7589f3b946ba14b1f225,CHINEESE COMBO,no,no,no,imgae-1704261675496. black_friday_banner_02.jpg
OREO BISCUIT SHAKE LARGE,659e6c86134e9ed6aa474355,"[""[\""655ef6721532830df6b987bb\""]""]",15,659e7589f3b946ba14b1f225,CHINEESE COMBO,no,no,no,imgae-1704261675496. black_friday_banner_02.jpg
PEANUT SHAKE LARGE,659e6c86134e9ed6aa474355,"[""[\""655ef6721532830df6b987bb\""]""]",15,659e7589f3b946ba14b1f225,CHINEESE COMBO,no,no,no,imgae-1704261675496. black_friday_banner_02.jpg
LOTUS BISCUIT SHAKE LARGE,659e6c86134e9ed6aa474355,"[""[\""655ef6721532830df6b987bb\""]""]",16,659e7589f3b946ba14b1f225,CHINEESE COMBO,no,no,no,imgae-1704261675496. black_friday_banner_02.jpg
AVIL MILK,659e6c86134e9ed6aa474355,"[""[\""655ef6721532830df6b987bb\""]""]",10,659e7589f3b946ba14b1f225,CHINEESE COMBO,no,no,no,imgae-1704261675496. black_friday_banner_02.jpg
TAHA COCKTAIL,659e6c86134e9ed6aa474355,"[""[\""655ef6721532830df6b987bb\""]""]",14,659e7589f3b946ba14b1f225,CHINEESE COMBO,no,no,no,imgae-1704261675496. black_friday_banner_02.jpg
STRAWBWRRY BANANA SMOOTHIE,659e6c86134e9ed6aa474355,"[""[\""655ef6721532830df6b987bb\""]""]",10,659e7589f3b946ba14b1f225,CHINEESE COMBO,no,no,no,imgae-1704261675496. black_friday_banner_02.jpg
MANGO SMOOTHIE,659e6c86134e9ed6aa474355,"[""[\""655ef6721532830df6b987bb\""]""]",10,659e7589f3b946ba14b1f225,CHINEESE COMBO,no,no,no,imgae-1704261675496. black_friday_banner_02.jpg
PINEAPPLE BANANA SMOOTHIE,659e6c86134e9ed6aa474355,"[""[\""655ef6721532830df6b987bb\""]""]",10,659e7589f3b946ba14b1f225,CHINEESE COMBO,no,no,no,imgae-1704261675496. black_friday_banner_02.jpg
STRAWBERRY LASSI,659e6c86134e9ed6aa474355,"[""[\""655ef6721532830df6b987bb\""]""]",9,659e7589f3b946ba14b1f225,CHINEESE COMBO,no,no,no,imgae-1704261675496. black_friday_banner_02.jpg
MANGO LASSI,659e6c86134e9ed6aa474355,"[""[\""655ef6721532830df6b987bb\""]""]",9,659e7589f3b946ba14b1f225,CHINEESE COMBO,no,no,no,imgae-1704261675496. black_friday_banner_02.jpg
CHOCOLATE LASSI,659e6c86134e9ed6aa474355,"[""[\""655ef6721532830df6b987bb\""]""]",9,659e7589f3b946ba14b1f225,CHINEESE COMBO,no,no,no,imgae-1704261675496. black_friday_banner_02.jpg
SWEET/SALT LASSI,659e6c86134e9ed6aa474355,"[""[\""655ef6721532830df6b987bb\""]""]",8,659e7589f3b946ba14b1f225,CHINEESE COMBO,no,no,no,imgae-1704261675496. black_friday_banner_02.jpg
STRAWBERRY MOJITO,659e6c86134e9ed6aa474355,"[""[\""655ef6721532830df6b987bb\""]""]",10,659e7589f3b946ba14b1f225,CHINEESE COMBO,no,no,no,imgae-1704261675496. black_friday_banner_02.jpg
PASSION FRUIT MOJITO,659e6c86134e9ed6aa474355,"[""[\""655ef6721532830df6b987bb\""]""]",10,659e7589f3b946ba14b1f225,CHINEESE COMBO,no,no,no,imgae-1704261675496. black_friday_banner_02.jpg
PEACH MOJITO,659e6c86134e9ed6aa474355,"[""[\""655ef6721532830df6b987bb\""]""]",10,659e7589f3b946ba14b1f225,CHINEESE COMBO,no,no,no,imgae-1704261675496. black_friday_banner_02.jpg
TROPICAL BLUE MOJITO,659e6c86134e9ed6aa474355,"[""[\""655ef6721532830df6b987bb\""]""]",10,659e7589f3b946ba14b1f225,CHINEESE COMBO,no,no,no,imgae-1704261675496. black_friday_banner_02.jpg
CHEESE HONEY POROTTA SANDWICH,659e6c86134e9ed6aa474358,"[""[\""655ef6721532830df6b987bb\""]""]",3,659e7589f3b946ba14b1f225,CHINEESE COMBO,no,no,no,imgae-1704261675496. black_friday_banner_02.jpg
CHEESE POROTTA SANDWICH,659e6c86134e9ed6aa474358,"[""[\""655ef6721532830df6b987bb\""]""]",3,659e7589f3b946ba14b1f225,CHINEESE COMBO,no,no,no,imgae-1704261675496. black_friday_banner_02.jpg
OMAN CHIPS POROTTA SANDWICH,659e6c86134e9ed6aa474358,"[""[\""655ef6721532830df6b987bb\""]""]",3,659e7589f3b946ba14b1f225,CHINEESE COMBO,no,no,no,imgae-1704261675496. black_friday_banner_02.jpg
OMLETTE POROTTA SANDWICH,6593cc5c45e19f95fd10e3b8,"[""[\""655ef6721532830df6b987bb\""]""]",4,659e7589f3b946ba14b1f225,CHINEESE COMBO,no,no,no,imgae-1704261675496. black_friday_banner_02.jpg
FRENCH FRIES POROTTA SANDWICH,659e6c86134e9ed6aa474358,"[""[\""655ef6721532830df6b987bb\""]""]",4,659e7589f3b946ba14b1f225,CHINEESE COMBO,no,no,no,imgae-1704261675496. black_friday_banner_02.jpg
CHICKEN CHILLY POROTTA SANDWICH,659e6c86134e9ed6aa474358,"[""[\""655ef6721532830df6b987bb\""]""]",5,659e7589f3b946ba14b1f225,CHINEESE COMBO,no,no,no,imgae-1704261675496. black_friday_banner_02.jpg
POPCORN POROTTA SANDWICH,659e6c86134e9ed6aa474358,"[""[\""655ef6721532830df6b987bb\""]""]",6,659e7589f3b946ba14b1f225,CHINEESE COMBO,no,no,no,imgae-1704261675496. black_friday_banner_02.jpg
NUGGESTS POROTTA SANDWICH,659e6c86134e9ed6aa474358,"[""[\""655ef6721532830df6b987bb\""]""]",6,659e7589f3b946ba14b1f225,CHINEESE COMBO,no,no,no,imgae-1704261675496. black_friday_banner_02.jpg
BEEF POROTTA SANDWICH,659e6c86134e9ed6aa474358,"[""[\""655ef6721532830df6b987bb\""]""]",7,659e7589f3b946ba14b1f225,CHINEESE COMBO,no,no,no,imgae-1704261675496. black_friday_banner_02.jpg
DYNAMITE SHRIMP POROTTA SANDWICH,659e6c86134e9ed6aa474358,"[""[\""655ef6721532830df6b987bb\""]""]",8,659e7589f3b946ba14b1f225,CHINEESE COMBO,no,no,no,imgae-1704261675496. black_friday_banner_02.jpg
VEG POROTTA SANDWICH,659e6c86134e9ed6aa474358,"[""[\""655ef6721532830df6b987bb\""]""]",8,659e7589f3b946ba14b1f225,CHINEESE COMBO,no,no,no,imgae-1704261675496. black_friday_banner_02.jpg
FRANSCISCO POROTTA SANDWICH,659e6c86134e9ed6aa474358,"[""[\""655ef6721532830df6b987bb\""]""]",8,659e7589f3b946ba14b1f225,CHINEESE COMBO,no,no,no,imgae-1704261675496. black_friday_banner_02.jpg
ZINGER POROTTA SANDWICH,659e6c86134e9ed6aa474358,"[""[\""655ef6721532830df6b987bb\""]""]",9,659e7589f3b946ba14b1f225,CHINEESE COMBO,no,no,no,imgae-1704261675496. black_friday_banner_02.jpg
EGG SAMOON SANDWICH,659e6c86134e9ed6aa474358,"[""[\""655ef6721532830df6b987bb\""]""]",9,659e7589f3b946ba14b1f225,CHINEESE COMBO,no,no,no,imgae-1704261675496. black_friday_banner_02.jpg
VEG SAMOON SANDWICH,659e6c86134e9ed6aa474358,"[""[\""655ef6721532830df6b987bb\""]""]",11,659e7589f3b946ba14b1f225,CHINEESE COMBO,no,no,no,imgae-1704261675496. black_friday_banner_02.jpg
CHICKEN SAMOON SANDWICH,659e6c86134e9ed6aa474358,"[""[\""655ef6721532830df6b987bb\""]""]",12,659e7589f3b946ba14b1f225,CHINEESE COMBO,no,no,no,imgae-1704261675496. black_friday_banner_02.jpg
BEEF SAMOON SANDWICH,659e6c86134e9ed6aa474358,"[""[\""655ef6721532830df6b987bb\""]""]",13,659e7589f3b946ba14b1f225,CHINEESE COMBO,no,no,no,imgae-1704261675496. black_friday_banner_02.jpg
ZINGER MATHAFI SAMOON SANDWICH,659e6c86134e9ed6aa474358,"[""[\""655ef6721532830df6b987bb\""]""]",16,659e7589f3b946ba14b1f225,CHINEESE COMBO,no,no,no,imgae-1704261675496. black_friday_banner_02.jpg
DYNAMITE SHRIMP SAMOON SANDWICH,659e6c86134e9ed6aa474358,"[""[\""655ef6721532830df6b987bb\""]""]",16,659e7589f3b946ba14b1f225,CHINEESE COMBO,no,no,no,imgae-1704261675496. black_friday_banner_02.jpg
EGG BURGER,659e6c86134e9ed6aa474358,"[""[\""655ef6721532830df6b987bb\""]""]",8,659e7589f3b946ba14b1f225,CHINEESE COMBO,no,no,no,imgae-1704261675496. black_friday_banner_02.jpg
CHICKEN BURGER,659e6c86134e9ed6aa474358,"[""[\""655ef6721532830df6b987bb\""]""]",10,659e7589f3b946ba14b1f225,CHINEESE COMBO,no,no,no,imgae-1704261675496. black_friday_banner_02.jpg
VEG BURGER,659e6c86134e9ed6aa474358,"[""[\""655ef6721532830df6b987bb\""]""]",10,659e7589f3b946ba14b1f225,CHINEESE COMBO,no,no,no,imgae-1704261675496. black_friday_banner_02.jpg
BEEF BURGER,659e6c86134e9ed6aa474358,"[""[\""655ef6721532830df6b987bb\""]""]",12,659e7589f3b946ba14b1f225,CHINEESE COMBO,no,no,no,imgae-1704261675496. black_friday_banner_02.jpg
ZINGER BURGER,659e6c86134e9ed6aa474358,"[""[\""655ef6721532830df6b987bb\""]""]",15,659e7589f3b946ba14b1f225,CHINEESE COMBO,no,no,no,imgae-1704261675496. black_friday_banner_02.jpg
DYNAMITE SHRIMP BURGER,659e6c86134e9ed6aa474358,"[""[\""655ef6721532830df6b987bb\""]""]",16,659e7589f3b946ba14b1f225,CHINEESE COMBO,no,no,no,imgae-1704261675496. black_friday_banner_02.jpg
FRENCH FRIES,659e6c86134e9ed6aa474358,"[""[\""655ef6721532830df6b987bb\""]""]",10,659e7589f3b946ba14b1f225,CHINEESE COMBO,no,no,no,imgae-1704261675496. black_friday_banner_02.jpg
FRIES WITH SAUCE,659e6c86134e9ed6aa474358,"[""[\""655ef6721532830df6b987bb\""]""]",15,659e7589f3b946ba14b1f225,CHINEESE COMBO,no,no,no,imgae-1704261675496. black_friday_banner_02.jpg
CHICKEN NUGGETS,659e6c86134e9ed6aa474358,"[""[\""655ef6721532830df6b987bb\""]""]",15,659e7589f3b946ba14b1f225,CHINEESE COMBO,no,no,no,imgae-1704261675496. black_friday_banner_02.jpg
DYNAMITE CHICKEN,659e6c86134e9ed6aa474358,"[""[\""655ef6721532830df6b987bb\""]""]",16,659e7589f3b946ba14b1f225,CHINEESE COMBO,no,no,no,imgae-1704261675496. black_friday_banner_02.jpg
DYNAMATE SHRIMP,659e6c86134e9ed6aa474358,"[""[\""655ef6721532830df6b987bb\""]""]",18,659e7589f3b946ba14b1f225,CHINEESE COMBO,no,no,no,imgae-1704261675496. black_friday_banner_02.jpg
FRIES WITH BEEF,659e6c86134e9ed6aa474358,"[""[\""655ef6721532830df6b987bb\""]""]",18,659e7589f3b946ba14b1f225,CHINEESE COMBO,no,no,no,imgae-1704261675496. black_friday_banner_02.jpg
POROTA,659e6c87134e9ed6aa47435b,"[""[\""655ef6721532830df6b987bb\""]""]",1,659e7589f3b946ba14b1f225,CHINEESE COMBO,no,no,no,imgae-1704261675496. black_friday_banner_02.jpg
WEAT POROTA,659e6c87134e9ed6aa47435b,"[""[\""655ef6721532830df6b987bb\""]""]",1.5,659e7589f3b946ba14b1f225,CHINEESE COMBO,no,no,no,imgae-1704261675496. black_friday_banner_02.jpg
COIN POROTA (2 PCS),659e6c87134e9ed6aa47435b,"[""[\""655ef6721532830df6b987bb\""]""]",3,659e7589f3b946ba14b1f225,CHINEESE COMBO,no,no,no,imgae-1704261675496. black_friday_banner_02.jpg
CHAPATI,659e6c87134e9ed6aa47435b,"[""[\""655ef6721532830df6b987bb\""]""]",1,659e7589f3b946ba14b1f225,CHINEESE COMBO,no,no,no,imgae-1704261675496. black_friday_banner_02.jpg
APPAM,659e6c87134e9ed6aa47435b,"[""[{\""label\"":\""Milk\"",\""value\"":\""655ef5c61532830df6b987ae\""}]""]",1,659e7589f3b946ba14b1f225,CHINEESE COMBO,no,no,no,imgae-1704261675496. black_friday_banner_02.jpg
IDIYAPPAM,659e6c87134e9ed6aa47435b,"[""[\""655ef6721532830df6b987bb\""]""]",1,659e7589f3b946ba14b1f225,CHINEESE COMBO,no,no,no,imgae-1704261675496. black_friday_banner_02.jpg
DOSA,659e6c87134e9ed6aa47435b,"[""[\""655ef6721532830df6b987bb\""]""]",1,659e7589f3b946ba14b1f225,CHINEESE COMBO,no,no,no,imgae-1704261675496. black_friday_banner_02.jpg
PUTTU,659e6c87134e9ed6aa47435b,"[""[\""655ef6721532830df6b987bb\""]""]",1,659e7589f3b946ba14b1f225,CHINEESE COMBO,no,no,no,imgae-1704261675496. black_friday_banner_02.jpg
WEAT PUTTU,659e6c87134e9ed6aa47435b,"[""[\""655ef6721532830df6b987bb\""]""]",1.5,659e7589f3b946ba14b1f225,CHINEESE COMBO,no,no,no,imgae-1704261675496. black_friday_banner_02.jpg
RUMALI ROTI,659e6c87134e9ed6aa47435b,"[""[\""655ef6721532830df6b987bb\""]""]",3,659e7589f3b946ba14b1f225,CHINEESE COMBO,no,no,no,imgae-1704261675496. black_friday_banner_02.jpg
EGG CURRY,659e6c87134e9ed6aa47435e,"[""[\""655ef6721532830df6b987bb\""]""]",5,659e7589f3b946ba14b1f225,CHINEESE COMBO,no,no,no,imgae-1704261675496. black_friday_banner_02.jpg
EGG ROAST (2 EGG),659e6c87134e9ed6aa47435e,"[""[\""655ef6721532830df6b987bb\""]""]",7,659e7589f3b946ba14b1f225,CHINEESE COMBO,no,no,no,imgae-1704261675496. black_friday_banner_02.jpg
MIX VEG KURMA,659e6c87134e9ed6aa47435e,"[""[\""655ef6721532830df6b987bb\""]""]",7,659e7589f3b946ba14b1f225,CHINEESE COMBO,no,no,no,imgae-1704261675496. black_friday_banner_02.jpg
FISH CURRY,659e6c87134e9ed6aa47435e,"[""[\""655ef6721532830df6b987bb\""]""]",10,659e7589f3b946ba14b1f225,CHINEESE COMBO,no,no,no,imgae-1704261675496. black_friday_banner_02.jpg
FISH CURRY MATHI,659e6c87134e9ed6aa47435e,"[""[\""655ef6721532830df6b987bb\""]""]",7,659e7589f3b946ba14b1f225,CHINEESE COMBO,no,no,no,imgae-1704261675496. black_friday_banner_02.jpg
FISH FRY,659e6c87134e9ed6aa47435e,"[""[\""655ef6721532830df6b987bb\""]""]",8,659e7589f3b946ba14b1f225,CHINEESE COMBO,no,no,no,imgae-1704261675496. black_friday_banner_02.jpg
FISH FRY MATHI,659e6c87134e9ed6aa47435e,"[""[\""655ef6721532830df6b987bb\""]""]",5,659e7589f3b946ba14b1f225,CHINEESE COMBO,no,no,no,imgae-1704261675496. black_friday_banner_02.jpg
CHICKEN CURRY,659e6c87134e9ed6aa47435e,"[""[\""655ef6721532830df6b987bb\""]""]",10,659e7589f3b946ba14b1f225,CHINEESE COMBO,no,no,no,imgae-1704261675496. black_friday_banner_02.jpg
CHICKEN ROAST,659e6c87134e9ed6aa47435e,"[""[\""655ef6721532830df6b987bb\""]""]",11,659e7589f3b946ba14b1f225,CHINEESE COMBO,no,no,no,imgae-1704261675496. black_friday_banner_02.jpg
CHICKEN KURUMA,659e6c87134e9ed6aa47435e,"[""[\""655ef6721532830df6b987bb\""]""]",11,659e7589f3b946ba14b1f225,CHINEESE COMBO,no,no,no,imgae-1704261675496. black_friday_banner_02.jpg
CHICKEN CHUKKA,659e6c87134e9ed6aa47435e,"[""[\""655ef6721532830df6b987bb\""]""]",14,659e7589f3b946ba14b1f225,CHINEESE COMBO,no,no,no,imgae-1704261675496. black_friday_banner_02.jpg
CHICKEN 65 FRY (KABAB),659e6c87134e9ed6aa47435e,"[""[\""655ef6721532830df6b987bb\""]""]",10,659e7589f3b946ba14b1f225,CHINEESE COMBO,no,no,no,imgae-1704261675496. black_friday_banner_02.jpg
CHICKEN DRY FRY (BONELESS),659e6c87134e9ed6aa47435e,"[""[\""655ef6721532830df6b987bb\""]""]",12,659e7589f3b946ba14b1f225,CHINEESE COMBO,no,no,no,imgae-1704261675496. black_friday_banner_02.jpg
BEEF CURRY,659e6c87134e9ed6aa47435e,"[""[\""655ef6721532830df6b987bb\""]""]",11,659e7589f3b946ba14b1f225,CHINEESE COMBO,no,no,no,imgae-1704261675496. black_friday_banner_02.jpg
BEEF ROAST,659e6c87134e9ed6aa47435e,"[""[\""655ef6721532830df6b987bb\""]""]",12,659e7589f3b946ba14b1f225,CHINEESE COMBO,no,no,no,imgae-1704261675496. black_friday_banner_02.jpg
BEEF FRY,659e6c87134e9ed6aa47435e,"[""[\""655ef6721532830df6b987bb\""]""]",13,659e7589f3b946ba14b1f225,CHINEESE COMBO,no,no,no,imgae-1704261675496. black_friday_banner_02.jpg
KAPPA,659e6c87134e9ed6aa47435e,"[""[\""655ef6721532830df6b987bb\""]""]",8,659e7589f3b946ba14b1f225,CHINEESE COMBO,no,no,no,imgae-1704261675496. black_friday_banner_02.jpg
KAPPA CHICKEN,659e6c87134e9ed6aa47435e,"[""[\""655ef6721532830df6b987bb\""]""]",12,659e7589f3b946ba14b1f225,CHINEESE COMBO,no,no,no,imgae-1704261675496. black_friday_banner_02.jpg
KAPPA BEEF,659e6c87134e9ed6aa47435e,"[""[\""655ef6721532830df6b987bb\""]""]",14,659e7589f3b946ba14b1f225,CHINEESE COMBO,no,no,no,imgae-1704261675496. black_friday_banner_02.jpg
KAPPA BIRIYANI,659e6c87134e9ed6aa47435e,"[""[\""655ef6721532830df6b987bb\""]""]",15,659e7589f3b946ba14b1f225,CHINEESE COMBO,no,no,no,imgae-1704261675496. black_friday_banner_02.jpg
EGG KOTHU POROTA,659e6c87134e9ed6aa47435e,"[""[\""655ef6721532830df6b987bb\""]""]",10,659e7589f3b946ba14b1f225,CHINEESE COMBO,no,no,no,imgae-1704261675496. black_friday_banner_02.jpg
CHICKEN KOTHU PORATA,659e6c87134e9ed6aa47435e,"[""[\""655ef6721532830df6b987bb\""]""]",12,659e7589f3b946ba14b1f225,CHINEESE COMBO,no,no,no,imgae-1704261675496. black_friday_banner_02.jpg
BEEF KOTHU PORATA,659e6c87134e9ed6aa47435e,"[""[\""655ef6721532830df6b987bb\""]""]",13,659e7589f3b946ba14b1f225,CHINEESE COMBO,no,no,no,imgae-1704261675496. black_friday_banner_02.jpg
MOTTA SET,659e6c87134e9ed6aa47435e,"[""[\""655ef6721532830df6b987bb\""]""]",10,659e7589f3b946ba14b1f225,CHINEESE COMBO,no,no,no,imgae-1704261675496. black_friday_banner_02.jpg
BARI SET,659e6c87134e9ed6aa47435e,"[""[\""655ef6721532830df6b987bb\""]""]",10,659e7589f3b946ba14b1f225,CHINEESE COMBO,no,no,no,imgae-1704261675496. black_friday_banner_02.jpg
CHICKEN BIRIYANI,659e6c87134e9ed6aa47435e,"[""[\""655ef6721532830df6b987bb\""]""]",15,659e7589f3b946ba14b1f225,CHINEESE COMBO,no,no,no,imgae-1704261675496. black_friday_banner_02.jpg
CHICKEN KUSHKA BABAB BIRIYANI,659e6c87134e9ed6aa47435e,"[""[\""655ef6721532830df6b987bb\""]""]",17,659e7589f3b946ba14b1f225,CHINEESE COMBO,no,no,no,imgae-1704261675496. black_friday_banner_02.jpg
MUTTON BIRIYANI,659e6c87134e9ed6aa47435e,"[""[\""655ef6721532830df6b987bb\""]""]",19,659e7589f3b946ba14b1f225,CHINEESE COMBO,no,no,no,imgae-1704261675496. black_friday_banner_02.jpg
CHICKEN 65 BIRIYANI,659e6c87134e9ed6aa47435e,"[""[\""655ef6721532830df6b987bb\""]""]",20,659e7589f3b946ba14b1f225,CHINEESE COMBO,no,no,no,imgae-1704261675496. black_friday_banner_02.jpg
KUSHKA (BIRIYANI RICE),659e6c87134e9ed6aa47435e,"[""[\""655ef6721532830df6b987bb\""]""]",9,659e7589f3b946ba14b1f225,CHINEESE COMBO,no,no,no,imgae-1704261675496. black_friday_banner_02.jpg
STEAM RICE,659e6c87134e9ed6aa47435e,"[""[\""655ef6721532830df6b987bb\""]""]",6,659e7589f3b946ba14b1f225,CHINEESE COMBO,no,no,no,imgae-1704261675496. black_friday_banner_02.jpg
GHEE RICE,659e6c87134e9ed6aa47435e,"[""[\""655ef6721532830df6b987bb\""]""]",8,659e7589f3b946ba14b1f225,CHINEESE COMBO,no,no,no,imgae-1704261675496. black_friday_banner_02.jpg
LEMON RICE,659e6c87134e9ed6aa47435e,"[""[\""655ef6721532830df6b987bb\""]""]",9,659e7589f3b946ba14b1f225,CHINEESE COMBO,no,no,no,imgae-1704261675496. black_friday_banner_02.jpg
TOMATO RICE,659e6c87134e9ed6aa47435e,"[""[\""655ef6721532830df6b987bb\""]""]",9,659e7589f3b946ba14b1f225,CHINEESE COMBO,no,no,no,imgae-1704261675496. black_friday_banner_02.jpg
CURD RICE,659e6c87134e9ed6aa47435e,"[""[\""655ef6721532830df6b987bb\""]""]",9,659e7589f3b946ba14b1f225,CHINEESE COMBO,no,no,no,imgae-1704261675496. black_friday_banner_02.jpg
JEERA RICE,659e6c87134e9ed6aa47435e,"[""[\""655ef6721532830df6b987bb\""]""]",9,659e7589f3b946ba14b1f225,CHINEESE COMBO,no,no,no,imgae-1704261675496. black_friday_banner_02.jpg
GARLIC RICE,659e6c87134e9ed6aa47435e,"[""[\""655ef6721532830df6b987bb\""]""]",9,659e7589f3b946ba14b1f225,CHINEESE COMBO,no,no,no,imgae-1704261675496. black_friday_banner_02.jpg
VEG PULAV,659e6c87134e9ed6aa47435e,"[""[\""655ef6721532830df6b987bb\""]""]",9,659e7589f3b946ba14b1f225,CHINEESE COMBO,no,no,no,imgae-1704261675496. black_friday_banner_02.jpg
GOBI RICE,659e6c87134e9ed6aa47435e,"[""[\""655ef6721532830df6b987bb\""]""]",10,659e7589f3b946ba14b1f225,CHINEESE COMBO,no,no,no,imgae-1704261675496. black_friday_banner_02.jpg
MUSHROOM RICE,659e6c87134e9ed6aa47435e,"[""[\""655ef6721532830df6b987bb\""]""]",11,659e7589f3b946ba14b1f225,CHINEESE COMBO,no,no,no,imgae-1704261675496. black_friday_banner_02.jpg
PANEER RICE,659e6c87134e9ed6aa47435e,"[""[\""655ef6721532830df6b987bb\""]""]",11,659e7589f3b946ba14b1f225,CHINEESE COMBO,no,no,no,imgae-1704261675496. black_friday_banner_02.jpg
DAL FRY,659e6c87134e9ed6aa474361,"[""[\""655ef6721532830df6b987bb\""]""]",12,659e7589f3b946ba14b1f225,CHINEESE COMBO,no,no,no,imgae-1704261675496. black_friday_banner_02.jpg
DAL PALAK,659e6c87134e9ed6aa474361,"[""[\""655ef6721532830df6b987bb\""]""]",12,659e7589f3b946ba14b1f225,CHINEESE COMBO,no,no,no,imgae-1704261675496. black_friday_banner_02.jpg
DAL TADKA,659e6c87134e9ed6aa474361,"[""[\""655ef6721532830df6b987bb\""]""]",13,659e7589f3b946ba14b1f225,CHINEESE COMBO,no,no,no,imgae-1704261675496. black_friday_banner_02.jpg
DAL KOLHAPURI,659e6c87134e9ed6aa474361,"[""[\""655ef6721532830df6b987bb\""]""]",13,659e7589f3b946ba14b1f225,CHINEESE COMBO,no,no,no,imgae-1704261675496. black_friday_banner_02.jpg
ALOO PALAK,659e6c87134e9ed6aa474361,"[""[{\""label\"":\""Milk\"",\""value\"":\""655ef5c61532830df6b987ae\""},{\""label\"":\""Sugar\"",\""value\"":\""655ef6041532830df6b987b6\""},{\""label\"":\""Bun\"",\""value\"":\""655ef6721532830df6b987bb\""},{\""label\"":\""Tea Powder\"",\""value\"":\""655ef5eb1532830df6b987b2\""}]""]",12,659e7589f3b946ba14b1f225,CHINEESE COMBO,no,no,no,imgae-1704713954240. Rectangle 48.png
GOPI MASALA,659e6c87134e9ed6aa474361,"[""[\""655ef6721532830df6b987bb\""]""]",12,659e7589f3b946ba14b1f225,CHINEESE COMBO,no,no,no,imgae-1704261675496. black_friday_banner_02.jpg
VEG KOLHAPURI,659e6c87134e9ed6aa474361,"[""[\""655ef6721532830df6b987bb\""]""]",14,659e7589f3b946ba14b1f225,CHINEESE COMBO,no,no,no,imgae-1704261675496. black_friday_banner_02.jpg
VEG HYDERABADI,659e6c87134e9ed6aa474361,"[""[\""655ef6721532830df6b987bb\""]""]",14,659e7589f3b946ba14b1f225,CHINEESE COMBO,no,no,no,imgae-1704261675496. black_friday_banner_02.jpg
MUSHROOM KADAI,659e6c87134e9ed6aa474361,"[""[\""655ef6721532830df6b987bb\""]""]",14,659e7589f3b946ba14b1f225,CHINEESE COMBO,no,no,no,imgae-1704261675496. black_friday_banner_02.jpg
MUSHROOM MASALA,659e6c87134e9ed6aa474361,"[""[\""655ef6721532830df6b987bb\""]""]",14,659e7589f3b946ba14b1f225,CHINEESE COMBO,no,no,no,imgae-1704261675496. black_friday_banner_02.jpg
PANEER MATAR MASALA,659e6c87134e9ed6aa474361,"[""[\""655ef6721532830df6b987bb\""]""]",14,659e7589f3b946ba14b1f225,CHINEESE COMBO,no,no,no,imgae-1704261675496. black_friday_banner_02.jpg
PANEER BUTTER MASALA,659e6c87134e9ed6aa474361,"[""[\""655ef6721532830df6b987bb\""]""]",14,659e7589f3b946ba14b1f225,CHINEESE COMBO,no,no,no,imgae-1704261675496. black_friday_banner_02.jpg
PALAK PANEER,659e6c87134e9ed6aa474361,"[""[\""655ef6721532830df6b987bb\""]""]",15,659e7589f3b946ba14b1f225,CHINEESE COMBO,no,no,no,imgae-1704261675496. black_friday_banner_02.jpg
BABYCORN MASALA,659e6c87134e9ed6aa474361,"[""[\""655ef6721532830df6b987bb\""]""]",15,659e7589f3b946ba14b1f225,CHINEESE COMBO,no,no,no,imgae-1704261675496. black_friday_banner_02.jpg
BABYCORN PEPPER MASALA,659e6c87134e9ed6aa474361,"[""[\""655ef6721532830df6b987bb\""]""]",15,659e7589f3b946ba14b1f225,CHINEESE COMBO,no,no,no,imgae-1704261675496. black_friday_banner_02.jpg
BUTTER CHICKEN,659e6c88134e9ed6aa474364,"[""[\""655ef6721532830df6b987bb\""]""]",14,659e7589f3b946ba14b1f225,CHINEESE COMBO,no,no,no,imgae-1704261675496. black_friday_banner_02.jpg
CHICKEN PEPPER MASALA,659e6c88134e9ed6aa474364,"[""[\""655ef6721532830df6b987bb\""]""]",14,659e7589f3b946ba14b1f225,CHINEESE COMBO,no,no,no,imgae-1704261675496. black_friday_banner_02.jpg
CHICKEN HYDERABADI,659e6c88134e9ed6aa474364,"[""[\""655ef6721532830df6b987bb\""]""]",14,659e7589f3b946ba14b1f225,CHINEESE COMBO,no,no,no,imgae-1704261675496. black_friday_banner_02.jpg
CHICKEN RED MASALA,659e6c88134e9ed6aa474364,"[""[\""655ef6721532830df6b987bb\""]""]",14,659e7589f3b946ba14b1f225,CHINEESE COMBO,no,no,no,imgae-1704261675496. black_friday_banner_02.jpg
CHICKEN KOLHAPURI,659e6c88134e9ed6aa474364,"[""[\""655ef6721532830df6b987bb\""]""]",14,659e7589f3b946ba14b1f225,CHINEESE COMBO,no,no,no,imgae-1704261675496. black_friday_banner_02.jpg
CHICKEN KADAI,659e6c88134e9ed6aa474364,"[""[\""655ef6721532830df6b987bb\""]""]",14,659e7589f3b946ba14b1f225,CHINEESE COMBO,no,no,no,imgae-1704261675496. black_friday_banner_02.jpg
CHICKEN MASHROOM MASALA,659e6c88134e9ed6aa474364,"[""[\""655ef6721532830df6b987bb\""]""]",14,659e7589f3b946ba14b1f225,CHINEESE COMBO,no,no,no,imgae-1704261675496. black_friday_banner_02.jpg
BEEF MASALA,659e6c88134e9ed6aa474364,"[""[\""655ef6721532830df6b987bb\""]""]",15,659e7589f3b946ba14b1f225,CHINEESE COMBO,no,no,no,imgae-1704261675496. black_friday_banner_02.jpg
BEEF KADAI,659e6c88134e9ed6aa474364,"[""[\""655ef6721532830df6b987bb\""]""]",15,659e7589f3b946ba14b1f225,CHINEESE COMBO,no,no,no,imgae-1704261675496. black_friday_banner_02.jpg
MUTTON HYDERABADI,659e6c88134e9ed6aa474364,"[""[\""655ef6721532830df6b987bb\""]""]",16,659e7589f3b946ba14b1f225,CHINEESE COMBO,no,no,no,imgae-1704261675496. black_friday_banner_02.jpg
MUTTON KADAI,659e6c88134e9ed6aa474364,"[""[\""655ef6721532830df6b987bb\""]""]",16,659e7589f3b946ba14b1f225,CHINEESE COMBO,no,no,no,imgae-1704261675496. black_friday_banner_02.jpg
MUTTON MASALA,659e6c88134e9ed6aa474364,"[""[\""655ef6721532830df6b987bb\""]""]",16,659e7589f3b946ba14b1f225,CHINEESE COMBO,no,no,no,imgae-1704261675496. black_friday_banner_02.jpg
FISH MASALA,659e6c88134e9ed6aa474364,"[""[\""655ef6721532830df6b987bb\""]""]",15,659e7589f3b946ba14b1f225,CHINEESE COMBO,no,no,no,imgae-1704261675496. black_friday_banner_02.jpg
PRAWNS MASALA,659e6c88134e9ed6aa474364,"[""[\""655ef6721532830df6b987bb\""]""]",16,659e7589f3b946ba14b1f225,CHINEESE COMBO,no,no,no,imgae-1704261675496. black_friday_banner_02.jpg
VEG SWEET CORN SOUP,659e6c88134e9ed6aa474367,"[""[\""655ef6721532830df6b987bb\""]""]",7,659e7589f3b946ba14b1f225,CHINEESE COMBO,no,no,no,imgae-1704261675496. black_friday_banner_02.jpg
LEMON CORIANDER SOUP,659e6c88134e9ed6aa474367,"[""[\""655ef6721532830df6b987bb\""]""]",7,659e7589f3b946ba14b1f225,CHINEESE COMBO,no,no,no,imgae-1704261675496. black_friday_banner_02.jpg
VEG CLEAR SOUP,659e6c88134e9ed6aa474367,"[""[\""655ef6721532830df6b987bb\""]""]",8,659e7589f3b946ba14b1f225,CHINEESE COMBO,no,no,no,imgae-1704261675496. black_friday_banner_02.jpg
VEG MANCHOW SOUP,659e6c88134e9ed6aa474367,"[""[\""655ef6721532830df6b987bb\""]""]",8,659e7589f3b946ba14b1f225,CHINEESE COMBO,no,no,no,imgae-1704261675496. black_friday_banner_02.jpg
VEG HOT N SOUR SOUP,659e6c88134e9ed6aa474367,"[""[\""655ef6721532830df6b987bb\""]""]",8,659e7589f3b946ba14b1f225,CHINEESE COMBO,no,no,no,imgae-1704261675496. black_friday_banner_02.jpg
MUSHROOM SOUP,659e6c88134e9ed6aa474367,"[""[\""655ef6721532830df6b987bb\""]""]",8,659e7589f3b946ba14b1f225,CHINEESE COMBO,no,no,no,imgae-1704261675496. black_friday_banner_02.jpg
CHICKEN CLEAR SOUP,659e6c88134e9ed6aa474367,"[""[\""655ef6721532830df6b987bb\""]""]",9,659e7589f3b946ba14b1f225,CHINEESE COMBO,no,no,no,imgae-1704261675496. black_friday_banner_02.jpg
CHICKEN MANCHOW SOUP,659e6c88134e9ed6aa474367,"[""[\""655ef6721532830df6b987bb\""]""]",10,659e7589f3b946ba14b1f225,CHINEESE COMBO,no,no,no,imgae-1704261675496. black_friday_banner_02.jpg
CHICKEN HOT N SOUR SOUP,659e6c88134e9ed6aa474367,"[""[\""655ef6721532830df6b987bb\""]""]",10,659e7589f3b946ba14b1f225,CHINEESE COMBO,no,no,no,imgae-1704261675496. black_friday_banner_02.jpg
CHICKEN LEMON SOUP,659e6c88134e9ed6aa474367,"[""[\""655ef6721532830df6b987bb\""]""]",10,659e7589f3b946ba14b1f225,CHINEESE COMBO,no,no,no,imgae-1704261675496. black_friday_banner_02.jpg
CREAMY MUSHROOM CHICKEN SOUP,659e6c88134e9ed6aa474367,"[""[\""655ef6721532830df6b987bb\""]""]",12,659e7589f3b946ba14b1f225,CHINEESE COMBO,no,no,no,imgae-1704261675496. black_friday_banner_02.jpg
SEAFOOD SOUP,659e6c88134e9ed6aa474367,"[""[\""655ef6721532830df6b987bb\""]""]",12,659e7589f3b946ba14b1f225,CHINEESE COMBO,no,no,no,imgae-1704261675496. black_friday_banner_02.jpg
VEG NOODLES,659e6c89134e9ed6aa47436a,"[""[\""655ef6721532830df6b987bb\""]""]",11,659e7589f3b946ba14b1f225,CHINEESE COMBO,no,no,no,imgae-1704261675496. black_friday_banner_02.jpg
EGG NOODLES,659e6c89134e9ed6aa47436a,"[""[\""655ef6721532830df6b987bb\""]""]",11,659e7589f3b946ba14b1f225,CHINEESE COMBO,no,no,no,imgae-1704261675496. black_friday_banner_02.jpg
PANEER NOODLES,659e6c89134e9ed6aa47436a,"[""[\""655ef6721532830df6b987bb\""]""]",12,659e7589f3b946ba14b1f225,CHINEESE COMBO,no,no,no,imgae-1704261675496. black_friday_banner_02.jpg
MUSHROOM NOODLES,659e6c89134e9ed6aa47436a,"[""[\""655ef6721532830df6b987bb\""]""]",12,659e7589f3b946ba14b1f225,CHINEESE COMBO,no,no,no,imgae-1704261675496. black_friday_banner_02.jpg
CHICKEN NOODLES,659e6c89134e9ed6aa47436a,"[""[\""655ef6721532830df6b987bb\""]""]",14,659e7589f3b946ba14b1f225,CHINEESE COMBO,no,no,no,imgae-1704261675496. black_friday_banner_02.jpg
PRAWNS NOODLES,659e6c89134e9ed6aa47436a,"[""[\""655ef6721532830df6b987bb\""]""]",15,659e7589f3b946ba14b1f225,CHINEESE COMBO,no,no,no,imgae-1704261675496. black_friday_banner_02.jpg
BEEF NOODLES,659e6c89134e9ed6aa47436a,"[""[\""655ef6721532830df6b987bb\""]""]",15,659e7589f3b946ba14b1f225,CHINEESE COMBO,no,no,no,imgae-1704261675496. black_friday_banner_02.jpg
CHICKEN SCHEZWAN NOODLES,659e6c89134e9ed6aa47436a,"[""[\""655ef6721532830df6b987bb\""]""]",15,659e7589f3b946ba14b1f225,CHINEESE COMBO,no,no,no,imgae-1704261675496. black_friday_banner_02.jpg
MIXED NOODLES,659e6c89134e9ed6aa47436a,"[""[\""655ef6721532830df6b987bb\""]""]",16,659e7589f3b946ba14b1f225,CHINEESE COMBO,no,no,no,imgae-1704261675496. black_friday_banner_02.jpg
TRIPLE SCHEZWAN NOODLES,659e6c89134e9ed6aa47436a,"[""[\""655ef6721532830df6b987bb\""]""]",22,659e7589f3b946ba14b1f225,CHINEESE COMBO,no,no,no,imgae-1704261675496. black_friday_banner_02.jpg
FRIED RICE,659e6c89134e9ed6aa47436d,"[""[\""655ef6721532830df6b987bb\""]""]",,659e7589f3b946ba14b1f225,CHINEESE COMBO,no,no,no,imgae-1704261675496. black_friday_banner_02.jpg
VEG FRIED RICE,659e6c89134e9ed6aa47436d,"[""[\""655ef6721532830df6b987bb\""]""]",10,659e7589f3b946ba14b1f225,CHINEESE COMBO,no,no,no,imgae-1704261675496. black_friday_banner_02.jpg
EGG FRIED RICE,659e6c89134e9ed6aa47436d,"[""[\""655ef6721532830df6b987bb\""]""]",11,659e7589f3b946ba14b1f225,CHINEESE COMBO,no,no,no,imgae-1704261675496. black_friday_banner_02.jpg
CHICKEN FRIED RICE,659e6c89134e9ed6aa47436d,"[""[\""655ef6721532830df6b987bb\""]""]",13,659e7589f3b946ba14b1f225,CHINEESE COMBO,no,no,no,imgae-1704261675496. black_friday_banner_02.jpg
BEEF FRIED RICE,659e6c89134e9ed6aa47436d,"[""[\""655ef6721532830df6b987bb\""]""]",14,659e7589f3b946ba14b1f225,CHINEESE COMBO,no,no,no,imgae-1704261675496. black_friday_banner_02.jpg
PRAWNS FRIED RICE,659e6c89134e9ed6aa47436d,"[""[\""655ef6721532830df6b987bb\""]""]",14,659e7589f3b946ba14b1f225,CHINEESE COMBO,no,no,no,imgae-1704261675496. black_friday_banner_02.jpg
CHICKEN SCHEZWAN FRIED RICE,659e6c89134e9ed6aa47436d,"[""[\""655ef6721532830df6b987bb\""]""]",14,659e7589f3b946ba14b1f225,CHINEESE COMBO,no,no,no,imgae-1704261675496. black_friday_banner_02.jpg
MIXED FRIED RICE,659e6c89134e9ed6aa47436d,"[""[\""655ef6721532830df6b987bb\""]""]",15,659e7589f3b946ba14b1f225,CHINEESE COMBO,no,no,no,imgae-1704261675496. black_friday_banner_02.jpg
TRIPLE SCHEZWAN FRIED RICE,659e6c89134e9ed6aa47436d,"[""[\""655ef6721532830df6b987bb\""]""]",20,659e7589f3b946ba14b1f225,CHINEESE COMBO,no,no,no,imgae-1704261675496. black_friday_banner_02.jpg
GOPI 65,659e6c8a134e9ed6aa474370,"[""[\""655ef6721532830df6b987bb\""]""]",12,659e7589f3b946ba14b1f225,CHINEESE COMBO,no,no,no,imgae-1704261675496. black_friday_banner_02.jpg
GOBI CHILLY,659e6c8a134e9ed6aa474370,"[""[\""655ef6721532830df6b987bb\""]""]",12,659e7589f3b946ba14b1f225,CHINEESE COMBO,no,no,no,imgae-1704261675496. black_friday_banner_02.jpg
GOBI MANCHURIAN,659e6c8a134e9ed6aa474370,"[""[\""655ef6721532830df6b987bb\""]""]",12,659e7589f3b946ba14b1f225,CHINEESE COMBO,no,no,no,imgae-1704261675496. black_friday_banner_02.jpg
BABYCORN 65,659e6c8a134e9ed6aa474370,"[""[\""655ef6721532830df6b987bb\""]""]",14,659e7589f3b946ba14b1f225,CHINEESE COMBO,no,no,no,imgae-1704261675496. black_friday_banner_02.jpg
BABYCORN CHILLY,659e6c8a134e9ed6aa474370,"[""[\""655ef6721532830df6b987bb\""]""]",14,659e7589f3b946ba14b1f225,CHINEESE COMBO,no,no,no,imgae-1704261675496. black_friday_banner_02.jpg
BABYCORN MANCHURIAN,659e6c8a134e9ed6aa474370,"[""[\""655ef6721532830df6b987bb\""]""]",14,659e7589f3b946ba14b1f225,CHINEESE COMBO,no,no,no,imgae-1704261675496. black_friday_banner_02.jpg
MUSHROOM 65,659e6c8a134e9ed6aa474370,"[""[\""655ef6721532830df6b987bb\""]""]",14,659e7589f3b946ba14b1f225,CHINEESE COMBO,no,no,no,imgae-1704261675496. black_friday_banner_02.jpg
MASHROOM CHILLY,659e6c8a134e9ed6aa474370,"[""[\""655ef6721532830df6b987bb\""]""]",14,659e7589f3b946ba14b1f225,CHINEESE COMBO,no,no,no,imgae-1704261675496. black_friday_banner_02.jpg
MUSHROOM MANCHURIAN,659e6c8a134e9ed6aa474370,"[""[\""655ef6721532830df6b987bb\""]""]",14,659e7589f3b946ba14b1f225,CHINEESE COMBO,no,no,no,imgae-1704261675496. black_friday_banner_02.jpg
MUSHROOM PEPPER,659e6c8a134e9ed6aa474370,"[""[\""655ef6721532830df6b987bb\""]""]",14,659e7589f3b946ba14b1f225,CHINEESE COMBO,no,no,no,imgae-1704261675496. black_friday_banner_02.jpg
PANEER 65,659e6c8a134e9ed6aa474370,"[""[\""655ef6721532830df6b987bb\""]""]",14,659e7589f3b946ba14b1f225,CHINEESE COMBO,no,no,no,imgae-1704261675496. black_friday_banner_02.jpg
PANEER CHILLY,659e6c8a134e9ed6aa474370,"[""[\""655ef6721532830df6b987bb\""]""]",14,659e7589f3b946ba14b1f225,CHINEESE COMBO,no,no,no,imgae-1704261675496. black_friday_banner_02.jpg
PANEER MANCHURIAN,659e6c8a134e9ed6aa474370,"[""[\""655ef6721532830df6b987bb\""]""]",14,659e7589f3b946ba14b1f225,CHINEESE COMBO,no,no,no,imgae-1704261675496. black_friday_banner_02.jpg
GINGER CHICKEN,659e6c8a134e9ed6aa474373,"[""[\""655ef6721532830df6b987bb\""]""]",14,659e7589f3b946ba14b1f225,CHINEESE COMBO,no,no,no,imgae-1704261675496. black_friday_banner_02.jpg
LEMON CHICKEN,659e6c8a134e9ed6aa474373,"[""[\""655ef6721532830df6b987bb\""]""]",14,659e7589f3b946ba14b1f225,CHINEESE COMBO,no,no,no,imgae-1704261675496. black_friday_banner_02.jpg
CHICKEN 65,659e6c8a134e9ed6aa474373,"[""[\""655ef6721532830df6b987bb\""]""]",14,659e7589f3b946ba14b1f225,CHINEESE COMBO,no,no,no,imgae-1704261675496. black_friday_banner_02.jpg
CHICKEN CHILLY,659e6c8a134e9ed6aa474373,"[""[\""655ef6721532830df6b987bb\""]""]",14,659e7589f3b946ba14b1f225,CHINEESE COMBO,no,no,no,imgae-1704261675496. black_friday_banner_02.jpg
CHICKEN MANCHURIAN,659e6c8a134e9ed6aa474373,"[""[\""655ef6721532830df6b987bb\""]""]",14,659e7589f3b946ba14b1f225,CHINEESE COMBO,no,no,no,imgae-1704261675496. black_friday_banner_02.jpg
PEPPER CHICKEN,659e6c8a134e9ed6aa474373,"[""[\""655ef6721532830df6b987bb\""]""]",14,659e7589f3b946ba14b1f225,CHINEESE COMBO,no,no,no,imgae-1704261675496. black_friday_banner_02.jpg
CHICKEN GARLIC,659e6c8a134e9ed6aa474373,"[""[\""655ef6721532830df6b987bb\""]""]",14,659e7589f3b946ba14b1f225,CHINEESE COMBO,no,no,no,imgae-1704261675496. black_friday_banner_02.jpg
DRAGON CHICKEN,659e6c8a134e9ed6aa474373,"[""[\""655ef6721532830df6b987bb\""]""]",14,659e7589f3b946ba14b1f225,CHINEESE COMBO,no,no,no,imgae-1704261675496. black_friday_banner_02.jpg
HONEY CRISPY CHICKEN,659e6c8a134e9ed6aa474373,"[""[\""655ef6721532830df6b987bb\""]""]",14,659e7589f3b946ba14b1f225,CHINEESE COMBO,no,no,no,imgae-1704261675496. black_friday_banner_02.jpg
CHICKEN LOLLIPOP,659e6c8a134e9ed6aa474373,"[""[\""655ef6721532830df6b987bb\""]""]",14,659e7589f3b946ba14b1f225,CHINEESE COMBO,no,no,no,imgae-1704261675496. black_friday_banner_02.jpg
CHICKEN LOLLIPOP GRAVY,659e6c8a134e9ed6aa474373,"[""[\""655ef6721532830df6b987bb\""]""]",16,659e7589f3b946ba14b1f225,CHINEESE COMBO,no,no,no,imgae-1704261675496. black_friday_banner_02.jpg
BEEF CHILLY,659e6c8a134e9ed6aa474373,"[""[\""655ef6721532830df6b987bb\""]""]",15,659e7589f3b946ba14b1f225,CHINEESE COMBO,no,no,no,imgae-1704261675496. black_friday_banner_02.jpg
BEEF 65,659e6c8a134e9ed6aa474373,"[""[\""655ef6721532830df6b987bb\""]""]",15,659e7589f3b946ba14b1f225,CHINEESE COMBO,no,no,no,imgae-1704261675496. black_friday_banner_02.jpg
BEEF MANCHURIAN,659e6c8a134e9ed6aa474373,"[""[\""655ef6721532830df6b987bb\""]""]",15,659e7589f3b946ba14b1f225,CHINEESE COMBO,no,no,no,imgae-1704261675496. black_friday_banner_02.jpg
PRAWNS CHILLY,659e6c8a134e9ed6aa474373,"[""[\""655ef6721532830df6b987bb\""]""]",16,659e7589f3b946ba14b1f225,CHINEESE COMBO,no,no,no,imgae-1704261675496. black_friday_banner_02.jpg
CHICKEN WITH 3 BREADS,659e6c8a134e9ed6aa474376,"[""[\""655ef6721532830df6b987bb\""]""]",10,659e7589f3b946ba14b1f225,CHINEESE COMBO,no,no,no,imgae-1704261675496. black_friday_banner_02.jpg
CHICKEN WITH 3 BREADS1,659e6c8a134e9ed6aa474376,"[""[\""655ef6721532830df6b987bb\""]""]",11,659e7589f3b946ba14b1f225,CHINEESE COMBO,no,no,no,imgae-1704261675496. black_friday_banner_02.jpg
CHICKEN WITH 3 BREADS2,659e6c8a134e9ed6aa474376,"[""[\""655ef6721532830df6b987bb\""]""]",12,659e7589f3b946ba14b1f225,CHINEESE COMBO,no,no,no,imgae-1704261675496. black_friday_banner_02.jpg
CHICKEN WITH 3 BREADS3,659e6c8a134e9ed6aa474376,"[""[\""655ef6721532830df6b987bb\""]""]",13,659e7589f3b946ba14b1f225,CHINEESE COMBO,no,no,no,imgae-1704261675496. black_friday_banner_02.jpg
CHICKEN WITH 3 BREADS4,659e6c8a134e9ed6aa474376,"[""[\""655ef6721532830df6b987bb\""]""]",15,659e7589f3b946ba14b1f225,CHINEESE COMBO,no,no,no,imgae-1704261675496. black_friday_banner_02.jpg
CHICKEN WITH RICE,659e6c8a134e9ed6aa474376,"[""[\""655ef6721532830df6b987bb\""]""]",13,659e7589f3b946ba14b1f225,CHINEESE COMBO,no,no,no,imgae-1704261675496. black_friday_banner_02.jpg
BEEF WITH 3 BREADS1,659e6c8a134e9ed6aa474376,"[""[\""655ef6721532830df6b987bb\""]""]",11,659e7589f3b946ba14b1f225,CHINEESE COMBO,no,no,no,imgae-1704261675496. black_friday_banner_02.jpg
BEEF WITH 3 BREADS2,659e6c8a134e9ed6aa474376,"[""[\""655ef6721532830df6b987bb\""]""]",12,659e7589f3b946ba14b1f225,CHINEESE COMBO,no,no,no,imgae-1704261675496. black_friday_banner_02.jpg
BEEF WITH 3 BREADS3,659e6c8a134e9ed6aa474376,"[""[\""655ef6721532830df6b987bb\""]""]",13,659e7589f3b946ba14b1f225,CHINEESE COMBO,no,no,no,imgae-1704261675496. black_friday_banner_02.jpg
BEEF WITH RICE,659e6c8a134e9ed6aa474376,"[""[\""655ef6721532830df6b987bb\""]""]",14,659e7589f3b946ba14b1f225,CHINEESE COMBO,no,no,no,imgae-1704261675496. black_friday_banner_02.jpg
CHINEESE COMBO1,659e6c8a134e9ed6aa474376,"[""[\""655ef6721532830df6b987bb\""]""]",17,659e7589f3b946ba14b1f225,CHINEESE COMBO,no,no,no,imgae-1704261675496. black_friday_banner_02.jpg
CHINEESE COMBO2,659e6c8a134e9ed6aa474376,"[""[\""655ef6721532830df6b987bb\""]""]",18,659e7589f3b946ba14b1f225,CHINEESE COMBO,no,no,no,imgae-1704261675496. black_friday_banner_02.jpg
CHINEESE COMBO3,659e6c8a134e9ed6aa474376,"[""[\""655ef6721532830df6b987bb\""]""]",22,659e7589f3b946ba14b1f225,CHINEESE COMBO,no,no,no,imgae-1704261675496. black_friday_banner_02.jpg
CHINEESE COMBO4,659e6c8a134e9ed6aa474376,"[""[\""655ef6721532830df6b987bb\""]""]",24,659e7589f3b946ba14b1f225,CHINEESE COMBO,no,no,no,imgae-1704261675496. black_friday_banner_02.jpg
